{
  "arabica": [
    {
      "foto": "images/produk/product_capuchino.jpg",
      "nama": "Cappuccino",
      "size": "500 Gram",
      "harga": "20.000",
      "link": "https://www.google.com/search?q=cappuccino+arabica&tbm=shop"
        },
    {
      "foto": "images/produk/product_espresso.jpg",
      "nama": " tubruk Arabica",
      "size": "100 Gram",
      "harga": "10.000",
      "link": "https://www.google.com/search?q=pahit+arabica&tbm=shop"
        },
    {
      "foto": "images/produk/product_latte.jpg",
      "nama": "Latte ",
      "size": "150 Gram",
      "harga": "15.000",
      "link": "https://www.google.com/search?q=latte+arabica&tbm=shop"
        }
    ],
  "robusta": [
    {

      "foto": "https://encrypted-tbn0.gstatic.com/images?q=tbn:ANd9GcSczG3IbbQg-IYerVP22JQ6JywY-FmF9TreOA&usqp=CAU",

      "nama": "Vietnam drip ",
      "size": "100 Gram",
      "harga": "20.000",
      "link": "https://www.google.com/search?q=cappuccino+arabica&tbm=shop"
      },
    {
      "foto": "images/produk/product_kopi_susu.jpg",
      "nama": "Kopsus Robusta",
      "size": "100 Gram",
      "harga": "50.000",
      "link": "https://www.google.com/search?q=kopi+susu+robusta&tbm=shop"
        },
    {
      "foto": "images/produk/product_latte.jpg",
      "nama": "Latte Robusta",
      "size": "150 Gram",
      "harga": "50.000",
      "link": "https://www.google.com/search?q=latte+robusta&tbm=shop"
        }
    ],
  "nonkopi": [



    {
      "foto": "https://encrypted-tbn0.gstatic.com/images?q=tbn:ANd9GcQesWldaBlqCl3EHxA3m1mbFUdgUq2k9N_Ryw&usqp=CAU",

      "nama": "Es Doger",
      "size": "100 Ml",
      "harga": "15.000",
      "link": "https://www.google.com/search?q=es+lemon&tbm=shop"
        },


    {


      "foto": "https://encrypted-tbn0.gstatic.com/images?q=tbn:ANd9GcQSZBmzx5rnGKl_YBoXFiO94Tjf0qZ5D0YJhg&usqp=CAU",


      "nama": "Es dung-dung",
      "size": "100 Ml",
      "harga": "10.000",
      "link": "https://www.google.com/search?q=es+lemon&tbm=shop"
        },


    {

      "foto": "https://encrypted-tbn0.gstatic.com/images?q=tbn:ANd9GcRurOazFJHq5NDXzHga6tLDeeXSSRoZ0zOvmQ&usqp=CAU",


      "nama": "Es pisang ijo",
      "size": "100 Ml",
      "harga": "25.000",
      "link": "https://www.google.com/search?q=es+lemon&tbm=shop"
        },

    {

      "foto": "https://images.pexels.com/photos/1304542/pexels-photo-1304542.jpeg?auto=compress&cs=tinysrgb&w=600",


      "nama": "Es Lemon",
      "size": "100 Ml",
      "harga": "25.000",
      "link": "https://www.google.com/search?q=es+lemon&tbm=shop"
        },



    {
      "foto": "https://images.pexels.com/photos/5947035/pexels-photo-5947035.jpeg?auto=compress&cs=tinysrgb&w=600",
      "nama": "Es Buah Naga",
      "size": "150 Ml",
      "harga": "30.000",
      "link": "https://www.google.com/search?q=es+buah+naga&tbm=shop"
        }
    ]
}